about,7350
be,27239
before,4219
by,19509
her,24277
mr.,4742
much,4712
old,4092
up,8608
where,4197
you,35121
,202317
after,4446
been,10036
come,4447
down,4874
get,4289
got,4328
have,23991
is,37433
me,13112
my,26502
now,5904
only,5750
she,22003
their,10787
them,8320
this,20376
upon,6425
we,18562
will,13343
but,30329
do,10698
great,4941
had,25553
it,50587
like,6546
most,4519
no,13608
on,19226
take,4047
the,208421
then,8674
thy,4461
time,5599
was,51721
which,12806
are,13112
as,29531
first,4257
into,5785
one,13135
our,7734
shall,6146
they,19463
think,4653
us,4183
all,18828
at,21165
of,119701
that,54938
your,13297
go,5009
his,34380
how,6394
make,5457
never,6206
out,9709
very,8014
when,12424
who,6957
with,34665
could,10838
did,6719
every,4779
good,7281
he,44747
i,72836
in,69179
it,,5018
let,4398
more,7639
or,14095
such,6822
were,14283
would,15111
am,6435
can,6100
from,15108
has,6676
its,5259
little,5318
man,5043
other,5415
so,17356
some,7110
there,12151
two,5261
what,12125
a,99209
an,12270
and,167100
for,36130
if,12948
it.,6064
know,6022
made,5382
may,4625
must,5969
not,32386
said,7070
see,6156
should,5226
than,7294
these,5418
to,114272
any,8201
him,14034
thou,5468
